,DataIn,stat,p
0,"Orig, Disc",261.528012299789,1.6214878452829618e-57
1,"Clean,Disc",81.51983195360808,1.9869796006071744e-18
2,"Orig, Full Price",544.5770045551502,5.579637380545965e-119
3,"Clean, Full Price",144.40036573292397,4.404118427297236e-32
0,"Orig, Disc",261.528012299789,1.6214878452829618e-57
1,"Clean,Disc",81.51983195360808,1.9869796006071744e-18
2,"Orig, Full Price",544.5770045551502,5.579637380545965e-119
3,"Clean, Full Price",144.40036573292397,4.404118427297236e-32
